ASAS_ID,Class,mean,nobs,duration
195044-7146.3,Mira,10.756969365426695,457.0,2699.3448299999995
203827+0912.1,RRL,13.043224770642203,218.0,2355.3891200000003
170013-2623.9,WU,12.475924019607845,408.0,2635.9206400000003
143730-4422.1,Mira,12.883042352941176,425.0,2669.87201
014231-8000.6,RRL,12.681640065146581,614.0,2684.8833
141748-5311.2,aEB,11.295292504570384,547.0,2674.88034
180847-8647.9,Mira,10.920813361611879,943.0,2699.27574
193546-1136.3,WU,11.660504219409283,474.0,2593.0257
204100-6705.3,RRL,13.92042105263158,95.0,2408.8034799999996
050909-7707.9,WU,12.958351869606904,1043.0,2706.8837999999996
023835-5408.1,Mira,11.729065753424658,365.0,2669.8909799999997
160506-3423.5,Mira,12.652155063291138,316.0,2654.9000800000003
050922-1932.5,WU,12.441061884669482,711.0,2704.7839400000003
080312-3917.6,WU,11.017328413284133,542.0,2705.8324199999997
074311-6247.5,Mira,12.044341246290802,337.0,2667.76991
191845-3325.0,WU,13.169878962536025,347.0,2547.0156899999993
230106-8703.2,Mira,11.619390849673204,765.0,2706.1645200000003
150859-5625.5,WU,12.81976282051282,468.0,2654.88371
165125+0818.8,Mira,13.055635071090045,211.0,2423.2343299999998
150618-1010.9,WU,12.737541871921183,406.0,2660.86413
155431-3524.5,Mira,12.57544020356234,393.0,2534.0294500000005
022508-4239.5,WU,11.562283524904215,522.0,2677.88298
144813-1318.9,aEB,11.402400000000002,440.0,2670.86951
164912-3246.0,dEB,9.131917808219178,438.0,2646.9181899999994
071305-0231.8,WU,12.888655251141552,438.0,2674.844
111135-1326.2,WU,11.02379069767442,473.0,2704.75641
190814+0117.9,Cepheid,7.226859016393442,305.0,2593.97002
185802-2234.5,Mira,11.872402843601895,422.0,2546.98323
092204-3642.2,Mira,12.638272727272728,242.0,2675.8988900000004
020418+2400.1,WU,10.32216049382716,243.0,1852.9997399999997
062201+0517.0,WU,12.545068421052632,380.0,2047.61139
180019-6937.5,WU,12.34206734006734,891.0,2703.3061400000006
160448-4520.4,dEB,10.368231418918919,592.0,2654.90935
155540+0759.4,RRL,11.536091216216215,296.0,2434.23328
084031+1236.3,WU,12.213276712328769,365.0,1951.7708400000001
161740-2253.6,Mira,11.971352517985611,417.0,2648.9206400000003
070604-2349.1,aEB,12.488067765567767,546.0,2705.8283300000003
125215-3457.1,Mira,12.725174142480212,379.0,2618.95718
040531-4341.7,WU,12.657275272161742,643.0,2706.8027699999993
211013-0143.3,RRL,11.891439716312057,282.0,2696.4039000000002
075846-3859.7,Cepheid,11.776529880478089,502.0,2705.8324199999997
191303-4532.5,aEB,10.64406546275395,443.0,2611.9491199999998
124756-6532.8,Mira,13.003592964824122,199.0,2697.8433099999997
074313-2143.3,aEB,11.055682748538011,684.0,2702.7995199999996
135036-4546.1,Mira,11.935018264840183,438.0,2595.9710600000008
041454-5415.4,WU,12.416479041916169,501.0,2616.07897
193316+0754.5,Mira,12.979876811594202,138.0,2361.3921699999996
202612-0025.3,WU,12.518708333333333,264.0,2579.02732
092920-6051.4,aEB,10.383237104072398,1105.0,2706.8998
112433-6925.4,aEB,11.888631578947368,931.0,2706.79788
185400-3431.0,RRL,13.880510851419034,1198.0,2616.9813799999993
152538-5503.8,Mira,13.024172413793105,290.0,2647.86258
222102-0657.9,aEB,9.313759868421052,304.0,2702.3970900000004
140742-6315.4,Cepheid,12.617820734341251,463.0,2666.85234
184320+1053.0,WU,12.635260188087775,319.0,2062.23463
075345-3658.2,Cepheid,11.156233644859812,642.0,2705.8324199999997
162959-4515.5,aEB,9.954849504950495,505.0,2644.9241899999997
050206-6716.9,RRL,13.99825857519789,379.0,2705.81125
095841-1104.4,dEB,9.143408114558474,419.0,2704.7181800000003
125736+0749.2,WU,11.78891519434629,283.0,2455.18024
201226-0416.7,WU,12.754539432176657,317.0,2593.0085100000006
074155-2108.0,Cepheid,10.652664772727274,704.0,2704.82373
230412+2153.0,aEB,11.238570048309178,207.0,1616.5698699999998
052406-6925.2,RRL,14.469479853479855,273.0,2699.8200399999996
091130-6137.2,Mira,12.300376213592235,412.0,2657.85524
154211-7733.7,WU,12.733427293064878,447.0,2658.89901
224745-2915.6,dEB,10.782237410071941,417.0,2704.3814199999997
194036-4213.3,WU,12.441386904761904,672.0,2697.39434
235754-0857.5,Mira,11.76156277056277,231.0,2611.9926700000005
161709-4459.3,aEB,10.068005102040816,588.0,2644.9241899999997
081634+1143.5,Mira,10.355753658536587,410.0,2554.99266
075033-5202.3,RRL,13.335349137931034,696.0,2706.85084
195445-4513.0,WU,13.543710869565217,460.0,2698.38785
133933-3046.7,Mira,12.282601731601732,231.0,2687.8460299999997
143451-2358.6,WU,12.65080357142857,448.0,2671.86657
040315+1411.5,WU,11.991461254612545,271.0,1919.84994
165619-3758.0,aEB,11.592390476190477,525.0,2642.9405
175143+1708.4,RRL,13.418818181818182,561.0,1867.9769399999996
061113+0936.9,Cepheid,9.180174894217206,709.0,2072.5710400000003
122018-4431.7,Mira,11.78947716535433,635.0,2700.8215800000003
204034-2540.5,RRL,13.320598240469208,341.0,2701.36413
034901-1656.5,WU,12.804912175648704,501.0,2691.81833
112206-3635.1,RRL,12.331979487179488,585.0,2705.79193
185427-1236.6,aEB,10.296727272727273,528.0,2610.97031
051209-1053.8,RRL,13.724831683168318,404.0,2705.7795899999996
133637-6433.5,Cepheid,9.931197352587242,831.0,2697.8433099999997
075344+1916.4,RRL,11.684235714285716,420.0,1952.83711
184305-3807.1,RRL,13.24458012820513,312.0,2596.0128500000005
160509+0555.4,WU,12.684203448275861,290.0,2434.23328
112341-4833.7,aEB,11.821047717842326,482.0,2705.8576399999997
040907-4828.6,dEB,8.562097560975609,902.0,2706.84224
095254-5410.8,Mira,11.247798623063684,581.0,2706.8694800000003
153835-6727.8,dEB,11.126894982497083,857.0,2666.88199
194257-2123.9,Mira,11.97580078125,256.0,2542.07021
134533-5902.8,WU,12.47330966469428,507.0,2673.8632700000003
093802-4523.7,Mira,12.035863198458573,519.0,2704.8584900000005
072650-6151.5,Mira,11.552518633540373,966.0,2706.8611600000004
075742-2736.1,Cepheid,12.265574181117533,519.0,2032.60406
223622-6010.5,WU,12.646332720588234,544.0,2705.3685700000005
073113-8432.3,RRL,13.114054282267793,829.0,2705.7575499999994
185128-4115.3,Mira,12.434527559055118,254.0,2578.03586
192030-5326.1,aEB,12.15540909090909,484.0,2609.95481
181529-5212.0,WU,13.026696394686908,527.0,2624.98988
182912-8832.6,RRL,13.70669640644362,807.0,2702.1528000000008
215459-2003.6,RRL,13.07026409495549,337.0,2698.3799700000004
142904-1423.7,RRL,13.085678260869566,345.0,2669.86252
214117+2446.5,RRL,11.202398773006134,163.0,1630.5727699999998
113126-7639.5,aEB,11.527749646393211,707.0,2704.7913700000004
192421+1602.7,aEB,10.633404929577464,284.0,1860.9946999999997
092713-2425.9,WU,11.607247504990019,501.0,2704.83935
211419-4247.9,dEB,8.423248743718593,398.0,2702.3854499999998
073400+1144.0,Mira,11.713918032786886,305.0,2543.0314399999997
173113-5505.1,RRL,13.573264516129031,310.0,2632.9666499999994
111816-7525.7,WU,12.570183457051963,943.0,2706.79788
190103-2227.3,WU,12.450558232931728,498.0,2609.96015
164444+0309.6,RRL,12.713013129102844,457.0,2635.9107999999997
163242-5315.6,RCB,11.217876963350786,382.0,2627.9203500000003
160152-2822.4,dEB,8.890368674698795,415.0,2654.8897699999998
043355-0025.6,RRL,12.788098236775818,397.0,2619.9082599999997
123319-6330.4,Cepheid,9.64769266055046,872.0,2697.8433099999997
234853+1838.2,aEB,10.906421276595745,235.0,1838.9943299999995
144022-1739.4,Mira,11.849281947261662,493.0,2659.87547
192413-2216.9,WU,11.712861233480178,454.0,2610.98264
080311-1756.6,aEB,9.839945996275604,537.0,2705.7784900000006
210801+2343.8,Mira,12.624917525773196,97.0,1620.5903799999996
075738-2506.4,aEB,11.739464912280702,342.0,2030.6162799999997
083713-3522.9,aEB,11.137989445910293,758.0,2706.8237700000004
073835-2830.0,Cepheid,9.712542662116041,586.0,2705.80809
114956-3538.9,RRL,13.94924353448276,464.0,2701.7898299999997
214832-4654.9,Mira,11.269887218045112,399.0,2699.3021
223645-7807.3,RRL,12.738594761171033,649.0,2703.3641499999994
190349-2659.0,Mira,11.99726181818182,275.0,2576.0168999999996
013742+0703.4,RRL,13.562415300546451,183.0,2599.9142100000004
085744-7305.8,aEB,10.585166666666668,864.0,2706.87308
043544-2854.9,aEB,11.668438518518519,675.0,2706.8038899999997
135743-3104.2,Mira,10.317969762419006,463.0,2687.8460299999997
210032-3708.3,RRL,13.34261380597015,536.0,2701.3887200000004
070708-0747.8,Cepheid,13.059694805194807,462.0,2706.7585800000006
073025-2625.7,WU,12.259459677419352,496.0,2704.82373
142330-5753.1,RRL,11.999604081632654,490.0,2671.8743400000003
145904-6325.1,Mira,12.816064935064935,154.0,2544.0632700000006
233002-1154.5,WU,9.875322766570605,347.0,2595.03813
092651+1636.0,aEB,11.58821130952381,336.0,1952.7474900000002
070431-0021.1,WU,12.104798927613942,373.0,2593.9289200000003
153521-2356.8,Mira,11.690042307692307,260.0,2657.89266
085816-0049.9,Mira,11.94097666666667,300.0,2546.99962
132654+0739.6,WU,11.733622837370243,289.0,2469.1529100000002
061600+2344.8,Cepheid,12.034506451612904,310.0,1939.7941000000005
120044-6054.2,dEB,10.978081481481482,540.0,2695.8317499999994
145307-3341.7,Mira,12.189503623188406,276.0,2576.9833000000003
191506+1825.8,dEB,10.99798832684825,257.0,1861.9909999999995
152139+1418.8,Mira,11.8597609561753,251.0,1894.8872500000002
194829+1537.2,aEB,10.53316814159292,226.0,1848.9842599999997
115531-2617.9,aEB,11.260847122302156,556.0,2701.76469
015902-2901.9,WU,13.358542976939203,477.0,2663.91726
123246+2701.7,RRL,11.63195,260.0,1885.9329700000003
223852-6039.1,aEB,9.886692667706708,641.0,2705.3685700000005
151511-4417.9,Mira,12.232928571428571,238.0,2657.91335
202135+1525.6,aEB,8.8388672985782,211.0,1849.9830499999998
143537-4219.8,WU,12.41813053097345,452.0,2672.87687
145247-5425.8,dEB,11.728506097560976,656.0,2654.88371
172833-4658.1,Mira,13.080399267399265,273.0,2637.97639
193110+1915.5,Cepheid,12.736915057915057,259.0,1847.99883
225419-3423.4,Mira,11.605786350148367,337.0,2703.38403
201429-2158.8,Mira,12.764361702127658,188.0,2579.98257
051954-3554.1,aEB,11.12556462585034,588.0,2706.7943300000006
200226-3931.7,WU,13.12841769041769,407.0,2697.39434
112427-5743.7,aEB,8.925176136363637,528.0,2689.90692
154607-4514.5,Mira,12.374133676092546,389.0,2654.89265
174548-1607.1,Mira,11.827529051987767,327.0,2595.0199600000005
210055-0131.2,Mira,12.413559585492228,193.0,2577.99944
194952+0923.8,Mira,11.770156565656565,198.0,1848.98178
193934-4534.5,Mira,11.570180212014133,283.0,2409.7383200000004
151318-4748.4,Mira,12.092835714285714,420.0,2660.90437
160010-5418.3,dEB,11.032804147465436,434.0,2649.91236
123122-1900.0,RRL,13.800623404255319,470.0,2699.8004
064616-2620.3,Mira,13.199809278350514,388.0,2705.8283300000003
070421-1852.4,WU,13.013625242718446,515.0,2706.7638000000006
162930+0429.3,RRL,13.660641196013286,301.0,2398.31232
181749-1201.8,aEB,12.43235135135135,592.0,2625.97244
093901-3835.9,WU,13.241260975609755,820.0,2704.7328800000005
201658-1923.4,dEB,10.813516556291392,453.0,2590.9680999999996
045139+1322.9,WU,12.642719512195121,246.0,1925.8282300000005
175824+2326.7,Mira,12.494000000000002,81.0,1864.9388199999999
213842-3321.2,aEB,9.361418032786885,366.0,2698.3611499999997
084834-5227.2,WU,13.64489279112754,541.0,2705.8279399999997
062231-2856.0,WU,12.612600633914422,631.0,2705.77322
214813+2214.6,RRL,13.698064327485381,171.0,1630.5727699999998
141950-7839.0,Mira,12.168811594202898,345.0,2661.9291399999997
090638-5221.5,Cepheid,11.484092561983472,605.0,2705.8279399999997
071817-6348.1,WU,12.452402097902098,572.0,2706.8611600000004
132852-4023.1,WU,11.909908163265305,490.0,2687.8251499999997
224442-3158.2,RRL,13.437861027190335,331.0,2703.38403
123430-1826.1,dEB,9.91673713235294,544.0,2691.80635
095835-8311.7,RRL,12.622642290748898,1135.0,2706.88428
131751+2046.9,RRL,11.445731481481483,216.0,1920.80942
125426-5918.2,dEB,10.152064462809918,605.0,2698.8147099999996
230649-5416.6,WU,13.366092636579573,421.0,2704.3957599999994
145459-4811.3,Mira,13.18503947368421,304.0,2660.90437
071311-1843.8,Cepheid,11.141106172839505,810.0,2706.76948
190837-4221.5,Mira,11.88782777777778,360.0,2576.9938199999997
184303-4738.2,Mira,12.979172774869111,191.0,2521.0836600000002
060031-2136.3,RRL,13.053844074844074,481.0,2705.7853200000004
073053+0513.7,dEB,8.851246987951807,332.0,2542.08879
193815-0419.0,Mira,12.354617117117119,222.0,2549.0279
075426-2110.0,WU,12.504393794749404,419.0,2676.84445
070341-7046.8,WU,12.802565637065635,518.0,2703.83501
201739-6004.3,Mira,11.201271719038818,541.0,2701.3561099999997
155259-6637.8,dEB,9.017615384615386,455.0,2653.8762
155936+1246.3,RRL,13.140605947955391,269.0,2434.23541
182713-4243.4,RRL,13.978313993174064,293.0,2624.94759
194306-6046.7,dEB,10.647763333333332,600.0,2699.34977
025920+0643.7,dEB,11.056853479853478,273.0,2642.7775600000004
030424+0611.8,WU,11.726347656249999,256.0,2642.7775600000004
195843-3422.0,Mira,12.329459574468084,235.0,2466.63382
120125-3724.9,Mira,12.250115755627009,311.0,2633.8940500000003
184159+2515.7,dEB,10.396408805031447,159.0,1844.9756500000003
211134-4202.6,RRL,13.556711711711712,333.0,2702.3854499999998
193405+0758.2,aEB,11.661809688581315,289.0,2083.3031900000005
031103+1448.0,Mira,9.902018957345971,211.0,1896.91876
162659-0602.6,WU,12.770188953488374,344.0,2636.89707
060448-4035.1,WU,13.135308851224107,531.0,2706.7976100000005
223008-2810.2,RRL,12.713273148148149,432.0,2702.3866199999993
133044-4435.8,RRL,12.929109442060087,466.0,2682.8864599999997
071611-3753.8,Mira,12.44301369863014,365.0,2669.8511099999996
214729-3611.8,Mira,11.507678466076696,339.0,2703.3359299999997
070832+0919.0,WU,12.360386363636364,396.0,2541.0989499999996
125511-0527.5,RRL,11.433126943005181,386.0,2685.8238600000004
173212-0406.5,WU,11.64959230769231,390.0,2626.92623
200432-2320.0,WU,11.049308510638298,376.0,2594.9795700000004
210034-0345.7,RRL,12.346420289855072,414.0,2577.99944
080642-1826.4,WU,12.514102996254682,534.0,2705.7784900000006
154917-6256.2,aEB,12.74061573033708,445.0,2653.8762
203035-4951.3,dEB,10.282205816554809,447.0,2700.3327
025353-4953.4,Mira,9.97185741444867,526.0,2697.83995
221839-2054.1,Mira,11.437571856287427,334.0,2701.36668
161157-2453.9,Mira,11.854319444444446,360.0,2654.88728
154803-4238.2,aEB,10.803698823529412,425.0,2659.8864700000004
120913-4648.8,Mira,12.659895522388059,268.0,2703.8269000000005
195619+0946.2,WU,13.098091772151896,316.0,2084.31369
133357-2837.4,WU,12.34324415204678,684.0,2687.8521199999996
161321-6958.0,aEB,10.677717791411045,489.0,2659.88724
143458+0541.6,WU,13.043241877256317,277.0,2440.23729
195557-2911.4,Mira,9.190434408602151,465.0,2610.97375
092611-5422.3,dEB,8.456214678899082,545.0,2706.8694800000003
172008+1339.9,aEB,11.713520942408376,382.0,1872.94267
170103-7942.2,aEB,11.5196953125,896.0,2704.33413
183120-1306.5,Cepheid,10.059821316614421,638.0,2610.9266
090949-1536.0,RRL,12.095644736842106,532.0,2704.8227099999995
225456-5249.2,RRL,13.535329388560159,507.0,2704.40128
181700-1904.6,Cepheid,8.087961965134706,631.0,2625.9516099999996
143036-5259.4,dEB,10.790854263565892,645.0,2674.88034
062136+0404.4,Cepheid,12.05043604651163,344.0,2591.93365
180133-4340.9,Mira,12.617445843828715,397.0,2626.88876
140627-3051.3,WU,13.215305772230886,641.0,2671.85642
214719-8739.1,RRL,13.045670777988613,1054.0,2706.1645200000003
120835-0027.4,RRL,10.623828660436137,321.0,2685.7854399999997
171630-0029.3,WU,12.439772727272729,374.0,2625.9350299999996
073906-2608.6,dEB,10.848651821862349,494.0,2704.82373
133226-3539.9,dEB,11.30120566318927,671.0,2687.8460299999997
081154-4844.7,dEB,9.369912547528518,526.0,2706.82425
141640-3216.6,RRL,13.534339667458433,421.0,2671.84559
203031-8046.0,WU,12.708704463208685,829.0,2704.29221
180128-4525.2,WU,13.047651595744679,376.0,2626.89482
155229+1008.6,RRL,13.200166666666666,276.0,2434.23328
224231+2526.0,WU,12.847165289256198,242.0,1616.5903600000001
213543-0849.1,WU,12.248572649572647,468.0,2702.36395
080626+2315.1,RRL,12.128648414985589,347.0,1950.7893600000002
151519+1839.4,RRL,12.362305882352942,340.0,1896.8853400000003
070659+0852.6,Mira,10.402645901639344,305.0,2541.03891
204934-1434.7,RRL,13.80943893129771,262.0,2547.0370999999996
153831-3222.0,aEB,12.753083135391924,421.0,2667.88426
124032-1738.9,Mira,12.080259052924792,359.0,2691.80635
205231+2226.2,RRL,12.607559210526313,152.0,1616.5859799999994
070809-0004.0,Cepheid,10.381997679814386,431.0,2593.9289200000003
041946-0518.0,WU,12.804549425287355,435.0,2695.80061
045007-5039.4,RRL,11.425359423274974,971.0,2706.86592
201827-1858.4,WU,13.117872928176796,362.0,2590.9680999999996
053211-2302.0,WU,12.491873646209385,554.0,2705.8008000000004
145417-1537.3,RRL,12.551163380281691,355.0,2670.86951
071952+1218.9,dEB,10.96685488126649,379.0,2543.0314399999997
124221-2553.2,Mira,12.305372549019607,204.0,2680.8008499999996
093141-4939.3,Cepheid,9.54986806883365,523.0,2706.87075
163245-6534.4,Mira,12.379849056603772,530.0,2637.9617800000005
235627-4947.2,Mira,10.531630057803467,346.0,2634.0105399999993
045713-3535.5,aEB,12.592715091678418,709.0,2706.8038899999997
210016+1334.5,Mira,12.359099601593625,251.0,1837.99901
072541-0551.0,Mira,11.407261824324324,592.0,2706.7467699999997
062406-4215.9,RRL,13.725979079497908,478.0,2704.8369500000003
165539-2352.4,Mira,12.456620689655173,319.0,2635.9206400000003
004541+1857.1,RRL,13.376114068441064,263.0,1834.9988400000002
040403-7427.2,dEB,10.938535580524345,534.0,2706.8258100000003
200915-2933.4,RRL,12.699744075829384,422.0,2700.35214
084204-0643.8,dEB,10.335958333333334,480.0,2706.7398000000003
233610-5006.9,WU,12.885262150220914,679.0,2634.0105399999993
192957-4941.4,dEB,10.297121779859483,427.0,2611.94292
174946+0936.7,aEB,11.011504373177843,343.0,2062.26603
063143-3430.0,dEB,9.044758878504673,535.0,2704.8466100000005
145654+2535.0,RRL,13.24556179775281,178.0,1886.8651599999998
185027-4214.4,RRL,13.843544850498336,301.0,2616.96039
022457+2546.9,aEB,11.324607272727272,275.0,1873.9489800000006
034307-1926.5,RRL,13.718025490196077,510.0,2688.8205
080410-6755.0,WU,12.64787900355872,562.0,2705.8234399999997
185515-4808.0,Mira,11.828421985815602,282.0,2591.0028700000003
232221-1556.3,aEB,10.90457300275482,363.0,2599.0406299999995
092502-5529.3,aEB,9.746245173745175,518.0,2706.8694800000003
064308-0146.7,aEB,10.727764851485148,404.0,2593.9289200000003
174807-5913.1,WU,13.214363790186125,591.0,2634.99
151429-4921.0,WU,11.970726694915257,472.0,2660.90437
214920-3412.3,RRL,12.452029748283753,437.0,2698.3611499999997
061244-4540.0,Mira,11.893017953321365,557.0,2706.7883500000003
123759-3404.3,WU,11.582509960159364,502.0,2703.6872000000003
132802-2729.8,WU,12.738979233226836,626.0,2683.82067
195016-3638.5,Mira,11.830939560439562,364.0,2698.3779799999993
074614-5627.5,WU,13.182157608695652,552.0,2705.8124100000005
084606-3558.3,dEB,9.38922641509434,583.0,2704.8363900000004
185724-0043.8,Cepheid,11.058917808219178,365.0,2593.97002
213804-4441.2,RRL,12.522060092449923,649.0,2702.3854499999998
160618-1306.2,WU,12.120117757009346,535.0,2650.8939499999997
004445-1503.6,WU,13.214479166666665,384.0,2638.9650899999997
175452-2114.1,aEB,12.23545443196005,801.0,2624.9624099999996
163125-5433.0,aEB,11.191124463519314,466.0,2641.90837
150332-0944.5,RRL,13.43286153846154,325.0,2656.8736200000003
172906-6053.9,Mira,11.026244143033292,811.0,2641.92428
194745-1846.7,RRL,14.053320388349517,206.0,2545.0482999999995
131324-1357.9,aEB,11.764708641975307,405.0,2685.82089
061909-7835.1,RRL,12.82742270531401,414.0,2705.83057
134951-3731.0,Mira,12.080092009685231,413.0,2685.85657
141539-2539.9,RRL,12.358550098231827,509.0,2670.8742200000006
232137-4557.0,WU,11.920509302325582,430.0,2705.4028800000006
204802-6906.0,aEB,11.10578536585366,615.0,2700.3418100000004
163838+1328.9,WU,12.775992366412215,262.0,1884.9139499999997
174843-6236.0,RRL,12.790010548523208,474.0,2623.9784099999997
045648-0224.0,aEB,12.962429850746268,335.0,2619.9082599999997
082854-5947.9,Mira,12.07829641693811,614.0,2669.9082200000003
093642-2221.1,WU,13.09006947368421,475.0,2702.8416099999995
081717-1348.5,Mira,10.999182825484764,722.0,2704.84857
151541-4052.3,WU,12.62104118993135,437.0,2659.88512
165958+1239.1,WU,12.09704501607717,311.0,1886.9296799999997
215434-1002.2,WU,12.882873417721518,316.0,2702.36395
215919-7408.4,WU,12.274911363636365,880.0,2704.3220699999997
115501-5915.2,Mira,10.429445595854922,579.0,2695.8317499999994
181518+1221.1,RRL,12.439881987577639,322.0,2050.30363
062939-1840.5,Cepheid,12.587976014760148,542.0,2706.79937
112933-6949.7,Mira,11.851986013986012,429.0,2696.83014
050611-0546.3,WU,11.044796992481203,532.0,2705.7795899999996
222311+0408.8,WU,12.683547999999998,250.0,2571.00257
201521-1237.5,aEB,10.584231132075471,424.0,2593.9828
074835-1719.9,aEB,10.569102079395085,529.0,2705.7784900000006
112538-7700.6,Mira,11.784634989200864,463.0,2672.8336999999997
111224-3922.0,Mira,12.07640105540897,379.0,2704.78256
171942-4246.1,aEB,11.820758928571431,448.0,2636.9190500000004
051016-6133.1,WU,12.191621329211745,647.0,2705.81125
172230+0146.8,RRL,12.812977064220183,218.0,2129.17557
164244-6332.3,WU,13.269438177874187,461.0,2641.9094800000003
055109-7219.4,RRL,14.330471666666666,600.0,2701.87666
234641-2455.5,dEB,11.194736383442265,459.0,2620.9990900000003
051512-3523.6,RRL,12.868857562408222,681.0,2706.7943300000006
151618-4017.6,WU,11.883577625570775,438.0,2659.88512
194719-3210.2,WU,12.695184135977335,353.0,2607.00274
135125-3656.6,Mira,11.804064676616914,402.0,2685.85657
150854-1529.9,Mira,11.99729535864979,237.0,2546.04406
153334-5225.9,WU,13.115211139896372,772.0,2655.91169
052754-3125.9,WU,12.86270505050505,495.0,2706.7943300000006
233941+1428.4,aEB,11.10603587443946,223.0,1822.01476
044916-1503.5,WU,13.113655172413795,435.0,2705.7762599999996
123935-4545.5,Mira,11.652069212410503,419.0,2700.7943800000003
184816+0049.1,Cepheid,11.26030503144654,318.0,2610.9363599999997
075925-1828.9,RRL,14.774692028985507,276.0,2705.7784900000006
192152-1723.3,Mira,12.651515151515152,198.0,2517.1114999999995
170540+2131.0,RRL,13.298880434782607,184.0,1877.91883
092758-5218.9,Cepheid,12.359487895716946,537.0,2706.87302
074419+0152.4,WU,11.843208588957054,489.0,2675.8517900000006
063838-3834.2,aEB,11.84804266211604,586.0,2704.8369500000003
134413-6340.0,dEB,11.29225054945055,455.0,2666.85234
073427-1811.9,aEB,12.326679671457907,487.0,2705.7592399999994
090832-0443.2,WU,13.005896153846153,520.0,2705.67511
220324-2928.9,RRL,12.940588665447898,547.0,2702.3790100000006
170008+0641.4,RRL,14.292855614973263,187.0,2399.3465
190432-1042.7,RRL,14.380633064516129,248.0,2592.9846900000002
110733-2944.1,RRL,13.769697196261681,535.0,2705.78499
111400-5754.6,Cepheid,8.328670146137789,479.0,2689.90692
074717-0519.8,dEB,10.175204408817635,499.0,2705.7905500000006
094428-0341.8,RRL,13.533391666666668,360.0,2703.74546
221329-4043.5,RRL,13.174741602067183,387.0,2701.3568899999996
171846-5746.5,aEB,11.822341715976332,676.0,2634.92011
091415+1925.4,WU,12.534008287292817,362.0,1951.7676900000001
165946-5608.4,Mira,12.549457971014492,345.0,2624.9456600000003
190033-4449.2,Mira,12.674247232472325,271.0,2619.9406099999997
173230+0923.6,RRL,13.329511864406781,295.0,2394.3482900000004
184431-4341.2,Mira,12.107074257425742,404.0,2624.94759
080617-0426.8,dEB,8.878956709956709,462.0,2706.7583300000006
091646-0435.2,Mira,11.425088631984584,519.0,2702.72056
170215+0800.4,RRL,13.928836065573769,183.0,2059.2838899999997
073113-2811.0,Cepheid,12.600440251572326,636.0,2705.80809
154419-7225.3,RRL,13.624926345609065,353.0,2659.88724
081802-2530.6,dEB,11.727865512649798,751.0,2706.82863
190950-4809.4,Mira,11.786187022900762,524.0,2611.94292
115605-0920.7,RRL,13.604807073954982,311.0,2699.7431699999997
165458-4356.4,aEB,10.279778894472361,597.0,2640.93142
173444+1757.3,RRL,13.967138554216868,166.0,1864.9541199999999
143340-8340.8,WU,13.285664190193165,673.0,2688.8361
210239-3543.6,WU,12.886261538461538,455.0,2702.3605000000007
171606-4753.1,WU,11.045642691415315,431.0,2639.9324100000003
123331-5439.6,Mira,10.628797188755021,498.0,2694.7547399999994
201437+0008.8,RRL,13.110786561264822,253.0,2534.1147
182221-3336.8,WU,13.025991576413958,831.0,2624.9251699999995
063224-4853.9,WU,12.548087360594794,538.0,2706.84526
233214-8250.8,WU,12.998938875305623,818.0,2703.3641499999994
170145-5150.6,WU,13.135748184019368,413.0,2640.93382
234558-2113.7,WU,11.854140816326531,490.0,2620.9990900000003
065739+2053.5,dEB,9.892558139534884,344.0,1950.78215
174758+2133.2,aEB,12.670570048309179,207.0,1867.9462399999998
213707-6118.2,RRL,13.538329831932773,476.0,2699.33151
060545+1314.4,Cepheid,12.350092753623189,345.0,1953.7419300000006
020846-7020.8,WU,13.17988596491228,1140.0,2698.8947899999994
071634+2559.7,Mira,11.552864734299519,207.0,1852.8757199999995
081820-0339.4,RRL,13.627617408906882,494.0,2694.79409
204219-0815.5,Mira,11.782557017543859,228.0,2547.03964
180150-5807.2,Mira,13.021297297297297,407.0,2634.99
185326-4057.6,aEB,11.47791898148148,432.0,2624.94759
220235-4816.8,WU,12.111571701720841,523.0,2699.3021
210007-4034.2,RRL,13.788142570281124,498.0,2702.3854499999998
062126+0628.2,Cepheid,8.3452454308094,383.0,2072.5710400000003
021522-1212.4,dEB,10.237773684210525,380.0,2654.8942700000002
084335-1727.2,RRL,13.992547727272726,440.0,2704.8424799999993
232831-4727.2,RRL,11.962425837320573,418.0,2704.3985600000005
195522-4826.9,RRL,12.30208,550.0,2698.3851299999997
151138-4354.7,Mira,11.834781710914454,339.0,2645.86802
051917-3342.5,Mira,9.59707650273224,549.0,2706.7943300000006
144206-3438.0,RRL,13.89604732510288,486.0,2667.85571
045907-2302.9,dEB,11.383071428571427,630.0,2705.7926799999996
235621-7058.8,WU,12.567334146341464,410.0,2704.38464
115029+0500.5,WU,12.204241721854304,302.0,2470.14252
074804-2534.6,Cepheid,9.944540284360189,422.0,2030.6162799999997
225706-2020.6,Mira,11.082184210526316,342.0,2704.3978100000004
044908-4908.1,WU,12.364705006765899,739.0,2706.86592
084349+0316.6,WU,13.128542528735633,435.0,2543.02621
095628-4018.0,WU,12.624828516377649,519.0,2704.70852
152836+0305.4,RRL,12.522479166666665,384.0,2654.8871700000004
135336-2934.8,RRL,12.577733021077286,427.0,2687.8460299999997
134907-3515.8,Mira,11.381512626262625,396.0,2683.8494299999993
123950-8304.0,Mira,12.740885941644564,377.0,2566.9974100000004
175302-4338.6,Mira,12.066457516339868,306.0,2549.01276
173918-6655.0,Mira,12.17333180778032,437.0,2640.9865899999995
191026-5115.2,Mira,12.479397905759164,382.0,2468.6596900000004
113708-6148.0,aEB,10.119873134328357,536.0,2686.84173
224704-7428.8,WU,13.263753658536583,410.0,2703.36505
092653-6051.2,WU,12.800060574948663,974.0,2706.8998
115300-5946.3,aEB,9.16028514851485,505.0,2695.8317499999994
004453-2442.7,RRL,13.601619385342792,423.0,2632.97499
032347-4801.3,RRL,13.22117175572519,524.0,2705.84636
155930+0252.3,WU,12.683703703703703,351.0,2644.88886
124009+1238.6,WU,12.147693498452012,323.0,2458.18942
090453+2024.9,aEB,13.450278735632184,348.0,1951.7395000000001
160510-5355.2,Cepheid,9.9860625,448.0,2649.91236
013416-0724.7,WU,11.916038356164384,365.0,2639.9394099999995
182413+2504.9,aEB,10.474105263157893,285.0,1860.9717100000003
032635-5229.5,WU,13.314152737752163,694.0,2705.8448399999997
133655+2230.8,RRL,13.688806034482758,232.0,1909.84654
030831+1026.8,RRL,9.58782332155477,283.0,2642.7775600000004
031118-2341.7,Mira,11.461105042016806,476.0,2685.84779
154404-5459.1,Mira,9.5830199556541,451.0,2649.91236
204808-2535.0,RRL,13.529099644128113,281.0,2701.36413
011200-5002.8,RRL,13.840032863849764,426.0,2660.9195099999997
215159-4559.1,RRL,12.796769047619048,420.0,2699.3021
202602-5351.8,WU,12.802009271523179,755.0,2702.3462
040104+2024.9,aEB,10.442626582278482,474.0,1902.8845499999998
065638-3850.1,WU,10.603272327964861,683.0,2706.86822
073809-0331.6,aEB,10.821946691176471,544.0,2674.844
185824-5946.4,Mira,12.015654285714284,350.0,2590.96188
165441-3315.9,Mira,13.101394871794872,195.0,2610.00062
205548+0326.6,WU,12.912571428571429,280.0,2574.00331
201400-0510.3,Mira,12.62448969072165,194.0,2398.6183600000004
044203-5133.6,RRL,12.155962406015037,665.0,2706.81962
035618-2759.7,RRL,13.954363636363636,297.0,2692.82708
052415-1406.0,RRL,12.47011067961165,515.0,2704.7839400000003
051320-5835.1,RRL,13.347379104477612,670.0,2703.86816
181509-2942.5,RCB,10.60226280623608,898.0,2443.62541
092550-3130.2,WU,13.383837294332725,547.0,2706.82738
204104-5229.0,Mira,11.900532894736843,304.0,2702.32075
165654-5238.5,aEB,11.568878787878788,561.0,2640.93382
021600-2031.2,Mira,10.903054176072235,443.0,2650.91739
031928-1944.0,WU,13.174951310861424,534.0,2685.8366699999997
145037-2432.5,aEB,11.570470588235294,391.0,2659.86909
095707-0120.7,dEB,8.934330383480825,339.0,2684.7532699999997
050755-0208.8,RRL,13.083652661064425,357.0,2620.9257399999997
135849-1530.1,WU,12.552756157635468,406.0,2671.7111400000003
002806-1648.0,WU,12.790347338935575,357.0,2624.9824099999996
030524+1931.8,Mira,11.894291666666668,96.0,1881.9263699999997
183812+2224.5,aEB,11.64531055900621,161.0,1844.9756500000003
092522+0417.1,dEB,7.7279599999999995,375.0,2522.0551199999995
055004-4024.2,Mira,12.721559880239521,334.0,2706.7976100000005
184758-3744.4,RRL,10.624698660714285,448.0,2624.94759
071940-0409.8,WU,12.104326621923937,447.0,2705.77481
142739-0054.1,RRL,11.641290519877677,327.0,2667.8588499999996
210346+1957.9,RRL,13.41277314814815,216.0,1621.5904
170757-7343.6,aEB,10.693797916666666,480.0,2641.9418800000003
160206-1818.2,Mira,12.824610655737704,244.0,2646.88156
124210-5532.3,aEB,12.278215932914048,477.0,2698.8147099999996
145745-3026.6,RRL,12.857044642857142,448.0,2671.8674900000005
204110-3908.3,RRL,13.5152523364486,321.0,2701.3329799999997
181943+2234.9,Mira,12.4041125,80.0,1589.69166
154925-7119.2,Mira,12.858450184501846,271.0,2659.88724
074159-2552.6,Cepheid,9.099134265734264,715.0,2704.82373
055033+1335.4,aEB,11.938303703703705,270.0,1952.7357100000004
091327-1423.1,Mira,11.311687500000001,432.0,2704.8227099999995
075916-0730.3,aEB,8.478173819742489,466.0,2705.7905500000006
141240+1732.4,aEB,12.432294326241136,282.0,1914.8411599999995
124410-4617.5,WU,13.196469214437366,471.0,2695.8189700000003
121102-5053.5,Mira,12.646712871287129,303.0,2703.8269000000005
181807+0656.3,Mira,11.697506666666667,225.0,2396.3553999999995
215901-0349.4,WU,10.935242074927954,347.0,2702.3730399999995
200245-1719.5,WU,13.168521634615386,416.0,2590.9680999999996
094509-6327.4,RRL,12.730738522954091,501.0,2706.8753800000004
180850-3719.7,RCB,11.452128329297821,413.0,2626.9302399999997
133316-4757.2,WU,12.877734065934066,455.0,2687.86661
211403-8206.6,Mira,10.901726862302484,886.0,2702.3521699999997
191719+0757.7,Cepheid,8.572899082568807,327.0,2388.3227
193220-5045.3,RRL,12.422453580901855,377.0,2611.94292
090519-4533.9,dEB,11.444085766423356,548.0,2705.8097599999996
173612-5656.2,Mira,12.340426778242676,239.0,2584.99777
120104-3103.3,WU,13.10304081632653,441.0,2701.7898299999997
194630+0234.0,WU,13.197199386503069,652.0,2458.1182200000003
210649-6633.8,dEB,11.808717479674797,492.0,2700.3418100000004
141134-2853.1,Mira,11.101152173913043,460.0,2670.8811100000003
110917-3337.2,Mira,12.312543650793648,504.0,2705.78499
191547+1812.7,dEB,11.003133891213388,239.0,1861.9909999999995
174454-0241.0,dEB,12.001047197640117,339.0,2624.93401
151849-3044.4,RRL,13.318613526570049,621.0,2672.89171
122332-6428.3,Cepheid,11.697046242774567,865.0,2697.8433099999997
163150-8220.6,WU,13.410160116448328,687.0,2704.33413
213423-1358.5,Mira,12.949565217391307,184.0,2548.0118
125033-3816.5,RRL,12.919625,456.0,2702.82128
002843-4400.4,RRL,13.061742596810934,439.0,2640.96998
175659-2012.2,dEB,11.045237398373983,615.0,2624.9624099999996
170822-0109.3,WU,13.138368055555555,288.0,2625.9170400000003
085230-1914.1,WU,12.8438272,625.0,2704.8227099999995
061803-1628.8,Mira,12.392598484848484,396.0,2706.79937
053647-3155.3,WU,13.424713402061855,485.0,2703.81563
045151-2934.3,WU,12.669519337016574,543.0,2706.8038899999997
071828-5349.2,aEB,11.437163265306122,588.0,2704.8584
140525-5243.4,aEB,12.311630841121497,642.0,2674.88034
095319-4015.4,dEB,9.982678095238093,525.0,2706.73427
194936-0532.6,Mira,12.99728148148148,135.0,2577.9735
165629-3938.4,Mira,11.38788910891089,505.0,2642.9405
161600-3839.1,Mira,12.98706730769231,416.0,2654.9262000000003
174401-6648.6,Mira,12.811053459119497,318.0,2540.1183899999996
112507-6044.2,Cepheid,8.877879649890591,914.0,2696.8683899999996
144850-7119.7,RRL,11.98218144329897,485.0,2670.86154
012133-2907.8,WU,10.423361663652802,553.0,2650.9269900000004
184340-4705.2,aEB,9.995170212765958,423.0,2618.92378
204607-3541.0,WU,12.642553684210526,475.0,2702.3605000000007
075827-1210.3,RRL,13.035827519379845,516.0,2705.7931100000005
122805-0559.9,RRL,13.386868098159509,326.0,2695.82511
025619-7431.1,WU,12.947862348178138,741.0,2698.8561599999994
045730+0057.5,WU,12.503954415954418,351.0,2619.9082599999997
093755-2743.9,Mira,12.147214583333334,480.0,2704.83935
093351-3636.9,Cepheid,9.350583573487032,694.0,2706.8455700000004
174828-5257.1,Mira,12.156513618677044,257.0,2633.9930699999995
084904-1121.0,dEB,10.095548347613219,817.0,2705.6971700000004
122117+0022.0,RRL,11.985638095238096,315.0,2685.7854399999997
180454-6002.1,aEB,11.483010654490107,657.0,2624.98599
184223+1158.9,dEB,9.525050193050195,259.0,2062.23463
121259-6205.8,Cepheid,11.089690021231421,471.0,2684.8253299999997
214352-5937.6,WU,13.428416490486258,473.0,2699.33151
063704-0249.4,Cepheid,12.558184154175589,467.0,2593.92057
183441-6527.0,RRL,12.590545762711864,885.0,2623.9784099999997
073131+1004.2,aEB,12.31830513595166,331.0,2542.08879
203046-7011.1,Mira,12.064668008048288,497.0,2700.3409699999997
161513-1532.5,WU,12.822951590594743,723.0,2649.9184400000004
123406-4017.9,Mira,12.94538578680203,197.0,2569.9875199999997
122924-4720.2,WU,12.65075,492.0,2700.7943800000003
210317-1841.9,WU,12.728902527075812,554.0,2699.38199
095247-4359.6,Mira,12.743167984189723,506.0,2706.73427
193445-1549.0,RRL,13.106196185286104,367.0,2593.0225499999997
133359-6403.4,Cepheid,10.300744680851063,893.0,2697.8433099999997
123903+1818.4,RRL,13.554176767676767,198.0,1937.8077700000003
152153-1206.8,RRL,13.149325268817202,372.0,2655.87055
221336+2646.8,RRL,12.910378378378375,111.0,1604.61461
084517-3358.3,dEB,10.158324717285945,619.0,2704.8363900000004
153533-7212.0,WU,12.146180665610142,631.0,2659.88724
044030-7326.3,RRL,13.38308142201835,872.0,2706.8586700000005
191247+0333.4,Cepheid,8.438120401337793,299.0,2592.98352
131858-6223.0,Cepheid,8.503147286821704,516.0,2697.8433099999997
193044+1340.3,dEB,10.504475862068965,290.0,1848.9842599999997
161619-4755.9,aEB,12.5025548098434,447.0,2644.9241899999997
154713-2934.6,WU,12.03996,450.0,2667.88426
065801-0022.6,Cepheid,10.810653333333333,375.0,2593.9289200000003
083454-2622.1,aEB,11.05496701388889,576.0,2706.82863
085448-8317.0,RRL,13.045148565573768,976.0,2706.88428
155243-2516.0,WU,12.434751256281405,398.0,2654.88728
191932+1712.3,Mira,11.368617021276595,141.0,1840.0006799999996
135515-4314.4,RRL,11.170378378378379,592.0,2685.85657
122235-2505.7,dEB,10.433100456621004,438.0,2699.7995
153008-2043.0,RRL,13.447774390243902,328.0,2451.6464899999996
111228-1643.2,WU,12.91327912087912,455.0,2704.75641
122240-6209.5,Cepheid,12.170270358306189,614.0,2697.8433099999997
031113-2629.0,RRL,12.046534274193549,496.0,2685.84779
061602-0103.3,Mira,12.177465384615385,260.0,2500.1670999999997
143147-7047.4,Mira,12.960358870967742,248.0,2666.8518599999998
090952+2514.9,Mira,10.456404444444445,225.0,1951.7395000000001
205541+2142.6,dEB,8.397450980392156,153.0,1616.5859799999994
031133-3257.8,WU,13.456441463414633,410.0,2688.8491200000003
025436-1315.5,RRL,13.459137711864406,472.0,2685.8525799999998
075406+0339.4,aEB,10.33458865248227,423.0,2549.0275999999994
082717-0233.7,RRL,13.21390835579515,371.0,2694.79409
190002-5515.8,RRL,13.886298050139278,359.0,2606.94805
232246-4641.5,RRL,12.567032036613272,437.0,2704.3985600000005
184012-2431.1,WU,11.91775,384.0,2618.9342600000004
143900+2508.7,RRL,13.615192307692308,208.0,1907.8642499999996
132159+1642.3,RRL,13.073030651340995,261.0,1936.81871
050956-7138.7,RRL,13.57518262806236,449.0,2706.8226400000003
170920-1757.3,aEB,11.104901719901719,407.0,2636.92035
070729+0459.1,Mira,11.30568,225.0,1948.7827200000002
041117-1350.9,RRL,12.549578602620088,458.0,2705.78606
030521-0619.9,WU,10.801261213720316,379.0,2674.8547700000004
071405-2725.6,WU,11.699097804391217,1002.0,2705.83158
210643-0120.1,Mira,11.875237209302323,215.0,2692.3964100000003
205208+0044.6,aEB,11.661186119873816,317.0,2577.99944
213152-5701.2,WU,12.345535632183909,435.0,2698.35889
185427-2702.7,Mira,13.164486486486485,333.0,2522.0227500000005
224012-2313.7,aEB,12.08437479270315,603.0,2704.39015
194041-3852.0,RRL,13.483769961977186,526.0,2697.39434
125748-5946.3,WU,11.817414930555556,576.0,2698.8147099999996
153102+0141.0,RRL,10.17533110367893,299.0,2654.8871700000004
131114+1109.5,RRL,13.904327586206897,232.0,2083.17752
180711+0825.0,Mira,12.138488636363634,176.0,2002.33563
221922-1653.6,aEB,10.761585635359115,362.0,2700.3592
142611-7912.8,Mira,12.502267326732674,505.0,2688.8361
084221-2209.9,RRL,13.71960895522388,335.0,2691.8343399999994
193223-0806.5,Mira,11.813700980392156,204.0,2515.0881099999997
193547-7530.5,RRL,13.501733788395903,586.0,2699.3448299999995
082204-6057.2,Mira,11.91297614678899,545.0,2705.8139599999995
194640-4027.4,RRL,12.221606879606883,407.0,2697.39434
094304+1019.0,RRL,13.237360465116279,258.0,2121.1968399999996
172706-1702.2,WU,12.658992021276596,376.0,2625.95834
183531+0658.3,aEB,11.294918215613384,269.0,2395.3041700000003
185032+1631.9,RRL,12.285263157894736,228.0,1864.9866000000002
000348-1128.6,RRL,12.8627182320442,362.0,2611.9926700000005
183458-5235.1,RRL,14.101849557522124,339.0,2614.9958699999997
235601+1053.3,RRL,12.170480952380952,210.0,2580.9611999999997
140643+0227.2,WU,13.06094214876033,363.0,2669.8669199999995
190129-3235.4,RRL,13.32787030411449,1118.0,2607.9658799999997
030534-3116.1,RRL,13.430766917293234,399.0,2668.9064700000004
115011-6339.2,aEB,10.462562929061786,437.0,2686.84173
093702+1804.9,aEB,11.157329729729728,370.0,1952.7474900000002
051550-7036.7,RRL,14.123903485254692,373.0,2706.8226400000003
202840-1228.5,RRL,12.609436408977556,401.0,2591.9976300000003
170433+1426.5,RRL,12.66422692307692,260.0,1886.9296799999997
090036-6306.0,RRL,13.393800000000002,660.0,2705.8385199999993
215904+0403.9,WU,12.39699193548387,248.0,2566.01693
052619-1527.6,dEB,9.691417647058822,510.0,2704.7839400000003
015932+0741.2,RRL,13.88819254658385,161.0,2575.99566
194216-6004.2,Mira,12.438870192307693,208.0,2568.0044499999995
223203-7852.9,WU,11.903962481962482,693.0,2703.3641499999994
082919+1312.7,aEB,10.423072664359863,289.0,1951.7708400000001
115218-6524.3,Cepheid,9.743506818181817,440.0,2686.84173
204506-3858.6,WU,13.467820000000003,350.0,2701.3329799999997
082618+2052.8,WU,11.966729483282673,329.0,1950.76546
184039-3549.3,Mira,12.8513631840796,201.0,2548.0308299999997
072821-2210.1,aEB,11.66966125760649,493.0,2704.82373
031153-1152.5,Mira,12.217982698961938,289.0,2563.9717400000004
160234-1810.6,WU,11.998883966244724,474.0,2650.8997200000003
130355-0048.4,RRL,13.434422733077904,783.0,2671.84649
075814+0213.8,aEB,11.77717079889807,363.0,2675.8296900000005
163852+1404.0,Mira,11.01914885496183,262.0,1882.9295399999996
210253+2403.2,dEB,11.255963235294118,272.0,1620.6000099999997
050417-1922.8,WU,11.801152030217185,1059.0,2704.7994099999996
034911-4236.9,aEB,10.983300527240772,569.0,2706.8027699999993
180740-5436.5,RRL,13.67666735966736,481.0,2620.00425
085439-3157.7,WU,13.01326893939394,528.0,2704.8363900000004
092528-1643.2,aEB,10.651438202247192,534.0,2705.6988300000003
073838-3838.7,dEB,11.139003740648379,802.0,2706.8496699999996
095749-3208.2,WU,12.952839851024208,537.0,2705.79124
185405-5131.0,dEB,9.714330998248686,571.0,2617.94408
184208-0417.6,Cepheid,10.879750700280113,357.0,2610.94323
164022+0607.4,aEB,9.91365780730897,301.0,2398.31232
161256-0827.5,RRL,13.13193316831683,404.0,2642.91931
145012-4726.9,Mira,12.565917127071824,181.0,2550.0747800000004
215623-3626.1,WU,11.733267857142858,448.0,2701.3518
190916+1033.1,Cepheid,8.270249999999999,352.0,2062.2050200000003
135907-2551.8,Mira,12.055059322033898,354.0,2666.8690699999997
173716+1625.9,aEB,12.180699284009549,419.0,1872.94267
200312-4310.8,aEB,11.951776497695853,434.0,2697.39434
073648-1915.6,WU,12.197144424131627,547.0,2705.7592399999994
205855-3856.5,RRL,13.124721818181818,550.0,2702.3854499999998
092002-5251.4,Cepheid,11.574506887052342,726.0,2706.87302
071329+1303.1,RRL,12.500713157894738,380.0,1953.6638499999995
115355-5444.2,aEB,11.408517102615695,497.0,2695.8317499999994
170042-2420.1,Mira,13.73028510638298,235.0,2635.9206400000003
195019+0750.2,aEB,11.713887719298246,285.0,2083.3031900000005
000006+2553.2,Mira,9.748557251908396,131.0,1820.9787200000005
180537-4350.0,RRL,12.168991189427313,454.0,2626.89482
185425-4608.6,Mira,12.4837722007722,259.0,2578.99471
003752-3952.0,RRL,14.003223880597014,268.0,2640.96998
170457-1212.1,Mira,11.576824120603018,398.0,2636.92273
203114+1504.5,RRL,13.016288194444444,288.0,1848.00126
062750-3834.1,Mira,12.681075098814231,506.0,2704.8369500000003
153048-4041.4,Mira,12.572941666666667,240.0,2629.0018
151250-5445.3,Cepheid,9.6067399577167,473.0,2654.88371
184227-0520.4,Cepheid,11.175433673469389,392.0,2610.94323
022602+2226.7,WU,11.991937908496732,306.0,1873.9489800000006
015200-2800.4,aEB,9.8258953125,640.0,2665.88603
222013-5433.5,RRL,13.339408114558472,419.0,2704.3562300000003
114433-6718.3,Cepheid,8.899335394126739,647.0,2686.84173
112513-6122.2,Cepheid,8.652095238095239,777.0,2696.8683899999996
012350-6558.5,WU,13.010652808988764,890.0,2679.9241999999995
191621-6802.3,WU,12.275423500611996,817.0,2704.3429800000004
005810-6323.8,RRL,11.466534303534305,481.0,2659.9369499999993
191552-1150.5,Mira,12.728350210970463,237.0,2414.65598
171425-6218.5,Mira,12.185011834319528,338.0,2641.9094800000003
172220-5309.7,Mira,11.758463220675944,503.0,2634.92011
025546-5556.2,RRL,13.15580960548885,583.0,2695.84944
222219-6052.2,Mira,11.777689826302732,403.0,2701.3412500000004
184030-4544.8,dEB,9.641865296803653,438.0,2618.92378
211515+0228.7,aEB,11.779659793814432,291.0,2697.3984499999997
023432-3515.2,WU,12.7740556621881,521.0,2679.8682199999994
023949-2618.1,aEB,10.740383333333334,480.0,2677.85916
003355-1608.7,aEB,12.259414565826333,357.0,2624.9824099999996
144957-4155.9,Mira,11.834739776951672,269.0,2668.8737300000003
171830+0516.6,WU,11.985304347826087,345.0,2422.29034
131547+1529.9,aEB,12.244521276595744,282.0,1936.81871
042640-3618.6,RRL,12.982588673621459,671.0,2706.8089699999996
200110+1548.2,Cepheid,10.231188087774294,319.0,1849.9846299999995
154459-6953.5,aEB,10.404592050209207,478.0,2659.88724
215026+1743.7,WU,11.779652892561984,242.0,1676.59544
082722+0251.4,WU,12.995020460358056,391.0,2672.7783000000004
132341+0712.8,RRL,13.57827391304348,230.0,2469.1529100000002
231950+2616.7,Mira,10.974484472049689,161.0,1822.00144
185719-6321.4,RRL,12.93725806451613,434.0,2611.9324499999993
112359+2636.9,RRL,11.957813852813853,231.0,1944.7887200000005
091102-7406.5,WU,13.198609708737864,515.0,2706.8442299999997
154530+0404.9,WU,12.80495335276968,343.0,2644.88886
050615-6640.8,Cepheid,12.852541589648798,541.0,2705.81125
232007+1604.1,RRL,12.026414772727271,176.0,1822.01476
082541-1538.2,WU,13.277754000000002,500.0,2704.8311599999997
182702-1159.3,aEB,11.474919672131147,610.0,2610.9266
043940-3402.1,aEB,11.668720070422536,568.0,2706.8038899999997
215203+2234.4,RRL,10.552412371134022,194.0,1630.5727699999998
025016-4649.2,WU,12.682474285714285,525.0,2697.83995
070918-3017.8,aEB,12.705743119266055,545.0,2703.82492
001556+0644.7,WU,11.31043829787234,235.0,2583.95611
144053-5417.6,aEB,11.09511,600.0,2671.8743400000003
220103+0607.2,Mira,11.792616352201259,159.0,2565.0071399999997
092905-3933.6,aEB,11.397930604982207,562.0,2706.8427900000006
225204-1256.7,dEB,9.7679296875,384.0,2597.9949100000003
123804-3831.4,Cepheid,12.223359375000001,512.0,2702.82128
190600-1736.9,dEB,11.007456565656565,495.0,2609.9699699999996
111742-3955.7,Mira,11.955929487179487,312.0,2704.78256
130645-3518.5,WU,12.984880217785843,551.0,2694.8247900000006
153816-3229.4,aEB,10.568013921113689,431.0,2667.88426
080656-3128.6,aEB,10.750166469893742,847.0,2706.8480400000003
082659-2542.8,WU,12.733739583333334,480.0,2706.82863
000621-3517.2,RRL,13.532904024767804,323.0,2629.9822399999994
122208-7406.4,RRL,13.329168181818181,880.0,2703.85588
060533-7951.6,WU,13.35453112033195,482.0,2705.83057
183944-0740.3,aEB,11.203826210826211,351.0,2611.92379
062949-5133.1,RRL,14.00756937799043,418.0,2706.84526
232413-1237.9,RRL,13.035551204819276,332.0,2599.0406299999995
114412-7209.0,aEB,11.974765531062124,499.0,2702.8032300000004
063016+1835.0,dEB,11.384383116883116,462.0,1953.7009900000003
111636-0154.2,aEB,10.189304733727809,338.0,2704.74319
181637+0341.6,Mira,10.310196078431373,306.0,2611.9742399999996
190759+2018.4,dEB,10.914739910313902,223.0,1861.9909999999995
190038-5206.9,RRL,13.61898406374502,251.0,2549.0170399999997
035036-6056.2,aEB,12.050996434937613,561.0,2705.8346
155432-2421.3,WU,13.60833780160858,373.0,2654.88728
004506-1854.2,RRL,12.820509174311926,436.0,2638.9650899999997
072230+2018.8,aEB,12.60489086294416,394.0,1951.64777
161555-5107.3,Cepheid,10.991753061224488,490.0,2644.9241899999997
022406-5125.2,WU,12.729254807692307,624.0,2684.8689
095615-3508.5,WU,12.948905521472392,815.0,2706.75408
031235-1931.9,WU,12.524410385259632,597.0,2685.8366699999997
030052-5038.5,Mira,10.49079284369115,531.0,2697.83995
044216-2549.5,WU,12.876975190839694,524.0,2705.7926799999996
175223-7713.6,Mira,12.441157175398635,439.0,2704.33413
154406+0257.5,WU,11.88943762781186,489.0,2654.89965
115957-1307.9,WU,12.681299442896936,718.0,2698.78914
162548+1853.5,Mira,9.414014880952383,336.0,1887.9214299999999
154121-3633.0,WU,12.29865661641541,597.0,2660.8852399999996
094919-3412.9,aEB,11.468160179640718,668.0,2706.82738
170602-2928.5,Mira,12.74940108892922,551.0,2647.91435
142313-5906.7,dEB,10.917304964539008,564.0,2671.8743400000003
154554-3241.2,WU,12.31992671394799,423.0,2660.88033
111008-4816.5,WU,13.033850311850312,481.0,2705.8576399999997
070207-5607.0,WU,13.129330868761555,541.0,2704.8584
150952-7633.1,Mira,12.268905817174517,722.0,2686.89509
061949-1529.5,WU,13.597745302713987,479.0,2706.79937
081624-1513.4,RRL,13.538825662482566,717.0,2704.84857
174741-4630.9,dEB,11.395826190476189,420.0,2625.9957799999997
172120-4158.3,aEB,12.342612612612612,444.0,2636.9190500000004
162450+0804.2,RRL,13.107530612244899,294.0,2053.2709299999997
131001+1045.6,WU,12.730535825545171,321.0,2469.1529100000002
075018+0157.3,aEB,10.379035714285715,364.0,2675.8296900000005
172944-3939.0,RRL,13.268600543478259,368.0,2636.9190500000004
070232-5214.6,WU,13.028345528455285,492.0,2617.95546
130311-1603.3,Mira,11.77948447204969,483.0,2668.83495
175901-1133.4,Mira,13.003151041666667,192.0,2611.98279
074747-4005.3,WU,13.720672619047619,504.0,2705.8324199999997
144600+2318.8,RRL,13.710209150326799,153.0,1895.8572
201843-0709.0,RRL,13.640921568627451,255.0,2548.0638100000006
170653+0635.1,aEB,11.042105802047782,293.0,2423.2343299999998
092647-1830.8,WU,12.74228910891089,505.0,2705.6988300000003
182158-4454.0,Mira,12.273719626168225,428.0,2617.94441
091323+0432.6,WU,12.113536585365853,410.0,2515.08284
194952-0105.3,Mira,13.13731496062992,381.0,2594.9566000000004
113318-6314.6,Cepheid,12.534545670225384,843.0,2693.9067
084700-3419.0,Mira,10.485990990990992,555.0,2704.8363900000004
002857-0812.7,WU,12.714807228915662,332.0,2620.98649
163237-2813.2,WU,12.64682366589327,431.0,2646.90467
173325+0259.6,RRL,14.094084070796459,226.0,2394.3482900000004
231158-0526.1,aEB,10.326308045977012,435.0,2595.02176
192512-0734.8,Mira,12.55779338842975,121.0,2385.70089
024206-7326.2,WU,12.493919449901767,509.0,2698.8561599999994
053410-5519.5,Mira,12.30047247706422,436.0,2705.8159600000004
095546-1321.4,aEB,10.776538461538463,533.0,2706.72015
093005-5137.5,Cepheid,13.94154582484725,491.0,2704.8584900000005
211111-1025.0,RRL,12.967632867132869,286.0,2699.38048
080940-3810.5,Mira,9.686987544483985,562.0,2705.8324199999997
133924-4505.9,aEB,10.023926870748298,588.0,2687.86661
172022+1430.7,RRL,12.243311345646438,379.0,1872.94267
194703-2609.2,RRL,13.718806122448978,294.0,2579.01188
153849+0215.5,aEB,11.519897106109324,311.0,2654.8871700000004
182334+2633.9,aEB,10.541374501992033,251.0,1863.9780100000003
235726-6523.1,Mira,11.940900355871886,281.0,2705.3956200000002
004240-2956.7,WU,11.219662068965517,435.0,2638.96163
054729-4514.7,RRL,10.201035413153457,593.0,2706.7883500000003
195653-1432.0,RRL,13.975530120481928,249.0,2548.0912099999996
084555+1935.0,WU,12.661162637362636,455.0,1951.79727
151814-0119.2,RRL,14.115804232804233,189.0,2644.8964600000004
153912+0355.4,RRL,13.465522123893807,226.0,2435.27024
190258-5918.9,WU,12.904421146953403,558.0,2612.91366
152917-1426.1,aEB,9.547011204481795,357.0,1988.80845
163455+0919.2,WU,13.233905263157896,285.0,2053.2709299999997
193436-4333.5,WU,11.985030694668822,619.0,2611.95377
122003-5607.7,WU,12.086151912568306,915.0,2698.8147099999996
031119-2853.6,RRL,13.273775967413442,491.0,2685.85742
095405-2512.0,WU,11.988843293492694,753.0,2705.75025
231807+1553.0,RRL,12.976931428571428,175.0,1822.01476
042805-1710.6,RRL,13.619513381995136,411.0,2705.79416
062537-4725.0,dEB,11.355158931082983,711.0,2706.84526
092434-0924.4,WU,12.758451467268625,443.0,2705.7441
180723-3731.5,dEB,9.305439189189189,444.0,2626.9302399999997
221822+2208.2,RRL,13.514277486910993,191.0,1604.6034200000004
150448-4322.0,dEB,10.719871972318337,578.0,2659.88512
131316-1808.0,WU,12.70221608040201,398.0,2685.82089
073521-7651.6,RRL,12.748971387696708,699.0,2705.8367499999995
093026+0712.3,RRL,12.583954703832752,287.0,2131.0762400000003
090953-5106.4,WU,12.849476499189628,617.0,2705.8097599999996
175027-6224.5,Mira,11.991370656370655,259.0,2623.9784099999997
075331+0118.9,WU,13.447468390804598,348.0,2675.8296900000005
142829-7955.0,WU,12.175046718576194,899.0,2688.8361
033648+1941.4,Mira,12.269521052631578,190.0,1875.9271600000002
020012-1812.5,aEB,10.708113744075831,422.0,2658.8892
092517+1837.9,RRL,13.484809941520469,342.0,1952.7474900000002
205748-0541.1,RRL,12.531394886363637,352.0,2575.99943
232905-6659.4,WU,12.368401162790699,860.0,2705.3956200000002
090241-0013.6,RRL,12.782271978021976,364.0,2673.74965
211618-6515.3,WU,12.081244525547445,548.0,2701.3636
094455-6756.8,Mira,12.396928358208953,335.0,2701.9516500000004
084434-0013.1,RRL,12.751240291262137,412.0,2694.79409
084339-1354.4,WU,12.526527491408935,582.0,2704.8424799999993
064228-4222.3,Mira,9.56843818181818,550.0,2704.8369500000003
141301+0656.4,WU,12.915472789115647,294.0,2440.23729
210032-1919.8,RRL,12.656068877551022,392.0,2577.98578
064829-1014.2,Cepheid,13.580356984478936,451.0,2706.7585800000006
125505-5548.7,Mira,12.77127808988764,356.0,2698.8147099999996
093324-5245.3,Cepheid,11.88233279483037,619.0,2706.87302
172159-6546.2,WU,12.846678173719376,898.0,2641.9094800000003
123957+0604.6,RRL,13.538323651452282,241.0,2453.16465
185149-5953.2,RRL,13.777194642857143,560.0,2619.9991600000003
184848-4529.0,WU,11.364751091703058,458.0,2618.92378
235033-7840.9,RRL,13.19583211678832,411.0,2640.00277
112302-4003.3,dEB,10.65996062992126,508.0,2704.78256
193321-2517.6,RRL,12.344071232876711,365.0,2605.9742400000005
203342-0538.8,RRL,13.54601811594203,276.0,2548.04317
152839+0500.9,RRL,13.882848484848486,198.0,2072.24232
194547+2405.9,dEB,10.952813333333333,150.0,1837.00196
190713-5205.7,RRL,12.936075885328837,593.0,2618.95471
074712-7658.2,WU,13.048247906197656,597.0,2705.8367499999995
135357-3736.5,aEB,11.465287526427062,473.0,2685.85657
195800-6544.2,RRL,12.221474747474748,396.0,2701.3293599999997
195702-7252.1,dEB,11.143468546637742,461.0,2699.3448299999995
192332-6421.1,RRL,13.537990439770555,523.0,2701.3293599999997
064722-1239.7,Mira,13.118485955056181,356.0,2706.7638000000006
170142+0218.0,aEB,11.667850000000001,320.0,2625.9170400000003
190622+0813.8,Mira,8.700800623052961,321.0,2388.3227
160342+0036.0,RRL,11.458824324324324,296.0,2643.8866800000005
183803-0822.1,Cepheid,9.676489971346706,349.0,2611.92379
035756-2623.1,aEB,12.227402366863904,845.0,2705.81879
165506+1133.0,aEB,11.161155797101449,276.0,2062.2647699999998
124602-1526.8,RRL,13.992341818181819,275.0,2683.8228099999997
123830+0659.3,Mira,8.771735915492958,284.0,2455.18024
140444-5514.3,WU,12.236976616231086,727.0,2674.90551
195613+1630.9,dEB,9.988096774193549,279.0,1849.9846299999995
055343-1024.0,RCB,12.35795238095238,420.0,2705.7748199999996
192035-1151.2,RRL,13.298853773584908,212.0,2557.05408
221654-6348.3,Mira,12.503609756097559,246.0,2698.37367
202401-7100.6,WU,11.213983018867925,530.0,2700.3409699999997
135857-4053.8,RRL,12.960675438596489,456.0,2685.85657
150924-7203.8,RCB,10.136263095238094,840.0,2627.94112
130156-6437.6,aEB,9.16197955010225,489.0,2697.8433099999997
173042+1612.3,WU,12.93095256916996,253.0,1872.94267
032429-4857.0,RRL,12.857,847.0,2705.84636
015606-0044.3,aEB,11.064511784511785,297.0,2606.9356000000007
224513-6654.2,WU,13.633190366972476,436.0,2702.40099
072107-2130.6,Cepheid,13.212237804878047,492.0,2704.82373
090237+0658.1,WU,12.826815533980582,309.0,2515.08284
162226-5220.7,Mira,11.515438053097345,452.0,2646.93196
110131-6217.5,Cepheid,10.758219206680584,479.0,2693.9067
075003-2815.3,Cepheid,10.733959330143541,418.0,2039.6669699999998
153427-3110.6,Mira,12.717787755102037,245.0,2667.88426
133109-0247.6,WU,12.811203278688524,305.0,2671.83585
065724-0350.6,Cepheid,12.706588105726873,454.0,2704.7425500000004
110046-6855.6,aEB,12.147178333333333,600.0,2706.8310899999997
031952-2436.8,dEB,10.202638253638256,481.0,2685.84779
214829-5139.0,WU,12.108129562043796,548.0,2699.3021
075746-4007.4,Cepheid,7.4748283582089545,536.0,2705.8324199999997
153340+1700.5,WU,12.028856589147285,258.0,1896.8731400000001
115914-4014.4,RRL,13.996946778711484,357.0,2704.80708
193513+1912.1,Cepheid,10.22758695652174,230.0,1847.99883
083257+0259.0,RRL,13.60091891891892,370.0,2672.7783000000004
222949-3010.3,RRL,13.160464065708421,487.0,2703.38403
003628-2540.4,aEB,10.353877805486283,401.0,2632.97499
210256-5839.7,WU,12.285422664624807,653.0,2702.3462
162654+1410.3,aEB,12.04030223880597,268.0,1888.9070699999997
000909-6650.8,WU,12.497248743718592,398.0,2705.3956200000002
203748+1618.9,WU,13.153441860465115,215.0,1837.99901
065628-2633.1,aEB,11.383045627376426,526.0,2705.8283300000003
190527-4501.8,WU,12.596558510638298,564.0,2618.96091
230100-7056.3,Mira,12.360263157894737,285.0,2612.99371
154631-4803.4,Mira,10.242589519650654,458.0,2654.89265
151456-4247.5,Mira,12.834012121212123,165.0,2529.98192
040312-1951.2,RRL,12.133808049535602,646.0,2705.78606
051459-7356.3,WU,11.922623188405797,552.0,2706.8226400000003
111237-5620.2,dEB,11.496781970649895,477.0,2689.90692
054400-4907.2,WU,12.864240837696336,573.0,2706.7883500000003
210059-4446.8,WU,12.606250972762645,514.0,2702.3854499999998
174943+0428.3,WU,10.965192118226602,406.0,2611.9920899999997
074447-1306.0,RRL,11.366121287128713,808.0,2705.7784900000006
110207-8153.2,Mira,12.653147342995169,414.0,2570.9237399999997
005056-1747.0,aEB,10.941376777251186,422.0,2638.93758
224446-4221.7,RRL,13.890647975077883,321.0,2701.3885499999997
074706+1931.4,WU,11.804962877030164,431.0,1950.8181600000003
070247-2113.2,dEB,10.824210247349825,566.0,2705.8283300000003
062556+2532.4,Mira,12.376581250000001,160.0,1937.7532300000003
231628-2752.0,dEB,11.744420935412027,449.0,2609.9938999999995
133730-4718.3,WU,12.776156779661019,472.0,2687.86661
195543-4948.7,WU,13.129333931777376,557.0,2698.3851299999997
073339-1619.0,Cepheid,11.594715746421267,489.0,2705.7592399999994
235210-3200.7,WU,12.595309248554916,346.0,2629.9822399999994
091332-2323.5,Mira,11.216967495219885,523.0,2704.82739
195853+2423.7,Cepheid,11.696741176470587,255.0,1839.0073499999994
180605+0201.7,WU,13.227651877133106,293.0,2611.91629
063355+1428.2,Cepheid,10.750485714285716,280.0,1953.7009900000003
075822-2907.8,Cepheid,8.654246183206107,524.0,2706.8332400000004
115513-5652.3,aEB,12.489305439330545,478.0,2695.8317499999994
143028-6307.8,Mira,12.69871081677704,453.0,2666.8826400000003
053830-3554.4,RRL,13.65874647887324,497.0,2706.7971400000006
130450-3535.4,Mira,11.948132673267326,505.0,2694.8247900000006
050338+0503.5,aEB,10.444897374701672,419.0,2628.8544600000005
171204+1300.5,WU,12.17995785440613,261.0,1886.9296799999997
170833-6519.0,Mira,12.420962962962962,189.0,2299.0068
175705-1851.7,dEB,9.867367701863353,805.0,2625.9516099999996
205217-2929.7,WU,12.26062962962963,405.0,2702.34994
142729+0346.7,RRL,13.221977443609024,266.0,2667.8562
181036-4702.5,WU,12.931232673267326,404.0,2625.9957799999997
143759-3340.0,WU,13.131103386809267,561.0,2671.8782300000003
113139-4332.3,WU,13.1129586919105,581.0,2702.75719
032423-0042.3,aEB,9.513295000000001,400.0,2615.9536
054332+1925.2,Cepheid,13.45526923076923,416.0,1952.7357100000004
053854-3337.9,dEB,11.918668604651163,688.0,2706.8142
091244-1441.3,dEB,10.562020761245675,578.0,2704.8227099999995
190505+0537.2,aEB,10.7033197492163,319.0,2388.3227
080050-1250.5,Mira,11.856244897959185,588.0,2705.7931100000005
075856-1738.2,aEB,12.123017307692308,520.0,2705.7784900000006
195453+1814.0,aEB,10.543415686274509,255.0,1848.9842599999997
133502-4219.7,aEB,11.536839255499153,591.0,2687.8251499999997
061815-1441.1,WU,13.515151923076923,520.0,2706.79937
074635-2959.6,aEB,10.891105646630237,549.0,2706.8332400000004
150626-1844.0,Mira,10.978753753753754,333.0,2659.87547
074925-3814.4,Cepheid,13.14295945945946,518.0,2705.8324199999997
033642+0521.7,RRL,12.667812749003984,251.0,2591.9421799999996
194418+0435.5,WU,12.931874999999998,696.0,2458.1182200000003
110114-6007.1,Cepheid,11.508903030303033,495.0,2693.88762
013524-3507.7,RRL,12.039106796116506,515.0,2663.91726
052926+2700.1,Cepheid,11.958721739130436,115.0,1926.7900799999998
062819+0743.3,aEB,12.178119791666667,384.0,2072.5710400000003
011147+1757.4,WU,12.27029596412556,223.0,1850.9371
132745+0352.4,aEB,10.357340067340068,297.0,2668.81377
033520-8015.6,aEB,12.017040899795502,978.0,2706.88509
213325-1813.0,WU,13.348728571428571,420.0,2700.3885200000004
093752-7230.4,WU,13.111407843137258,510.0,2706.8442299999997
044536-2353.0,WU,13.259102669404516,487.0,2705.7926799999996
073608-2630.3,Mira,12.37687755102041,196.0,2704.82373
153451-5823.9,aEB,11.292316326530612,882.0,2655.91356
231101-5820.1,RRL,12.035975113122172,442.0,2704.3957599999994
065640+0011.4,Cepheid,11.654664850136239,367.0,2593.9289200000003
232218-4205.4,RRL,12.924131034482757,435.0,2702.3721800000003
122618-2546.3,WU,12.548116803278688,488.0,2700.80566
040446-2643.0,RRL,12.689461946902655,565.0,2705.7961299999997
110055-4800.9,Mira,13.09213223140496,242.0,2697.8181099999997
082859-3613.9,Cepheid,11.763381118881119,572.0,2706.8237700000004
165625+0052.2,RRL,12.840343137254903,306.0,2625.9170400000003
120307-4039.4,aEB,12.652626556016598,482.0,2704.80708
061432-1414.2,aEB,11.36693795620438,548.0,2706.79937
140726-3835.7,WU,11.541813253012048,498.0,2685.85657
183648-1459.1,Mira,12.567528205128205,195.0,2594.9627599999994
173347-1522.3,Mira,12.4995,228.0,2625.95834
060412+2520.0,dEB,11.14200355871886,281.0,1942.74051
175739-4033.4,RRL,11.480005141388174,389.0,2626.88876
183133-2447.6,Mira,12.76725,176.0,2548.0157900000004
043933-7146.6,aEB,11.265924581005587,1074.0,2706.8586700000005
011815-3912.8,RRL,11.119277533039648,454.0,2652.9273000000003
171333-2232.0,aEB,12.158,416.0,2635.9206400000003
153850-1009.6,aEB,11.373608761329304,662.0,2654.87296
